0,False,False,False,False
1,대표,안내,대표전화.교환,5114
2,대표,안내,구내전화 고장신고,7575
3,대학본부,총장실,비서실,"7000, 7001, 823-2000"
4,대학본부,총장실,FAX,823-3000
5,대학본부,교무처,교무처장,"7002, 823-2001"
6,대학본부,교무처/교무과,교무과장,7020
7,대학본부,교무처/교무과,강사 등,7021
8,대학본부,교무처/교무과,교육과정,7022
9,대학본부,교무처/교무과,교원인사,7024
10,대학본부,교무처/교무과,교원징계 및 민원,7025
11,대학본부,교무처/교무과,교수업적,7026
12,대학본부,교무처/교무과,공무국외 및 행정,7027
13,대학본부,교무처/교무과,FAX,7023
14,대학본부,교무처/교육혁신본부/교육혁신과,교육혁신본부장,7400
15,대학본부,교무처/교육혁신본부/교육혁신과,교육혁신과장,7030
16,대학본부,교무처/교육혁신본부/교육혁신과,교육과정,7031
17,대학본부,교무처/교육혁신본부/교육혁신과,학적관리,7032
18,대학본부,교무처/교육혁신본부/교육혁신과,수업관리,"7033, 7034"
19,대학본부,교무처/교육혁신본부/교육혁신과,졸업,7036
20,대학본부,교무처/교육혁신본부/교육혁신과,졸업역량인증,6910
21,대학본부,교무처/교육혁신본부/교육혁신과,원격교육,7404
22,대학본부,교무처/교육혁신본부/교육혁신과,LMS/원격수업,"7401, 7402"
23,대학본부,교무처/교육혁신본부/교육혁신과,물품/지출,7409
24,대학본부,교무처/교육혁신본부/교육혁신과,FAX,7035
25,대학본부,교무처/교육혁신본부/교수역량강화센터,교수역량강화센터장,7282
26,대학본부,교무처/교육혁신본부/교수역량강화센터,행정실장,7030
27,대학본부,교무처/교육혁신본부/교수역량강화센터,교수지원,"7403, 7775"
28,대학본부,교무처/교육혁신본부/교수역량강화센터,FAX,7035
29,대학본부,교무처/교육혁신본부/학생역량강화센터,학생역량강화센터장,7282
30,대학본부,교무처/교육혁신본부/학생역량강화센터,행정실장,7030
31,대학본부,교무처/교육혁신본부/학생역량강화센터,학습지원,"7711, 7712"
32,대학본부,교무처/교육혁신본부/학생역량강화센터,FAX,7035
33,대학본부,교무처/교육혁신본부/교양교육원,교양교육원장,7400
34,대학본부,교무처/교육혁신본부/교양교육원,행정실장,7030
35,대학본부,교무처/교육혁신본부/교양교육원,교양교육,"6912, 6913"
36,대학본부,교무처/교육혁신본부/교양교육원,FAX,7035
37,대학본부,교무처/교육혁신본부/어학원,어학원장,7400
38,대학본부,교무처/대학혁신본부/어학원,행정실장,7030
39,대학본부,교무처/대학혁신본부/어학원,교육부장,7282
40,대학본부,교무처/대학혁신본부/어학원,행정실,7283~7286
41,대학본부,교무처/대학혁신본부/어학원,시청각실,7288
42,대학본부,교무처/대학혁신본부/어학원,연구실,7291~7293
43,대학본부,교무처/대학혁신본부/어학원,FAX,823-1629
44,대학본부,학생처,학생처장,"7003, 823-2002"
45,대학본부,학생처/학생지원과,학생지원과장,7050
46,대학본부,학생처/학생지원과,학생지원팀,"7051, 7052"
47,대학본부,학생처/학생지원과,장학지원팀,7053
48,대학본부,학생처/학생지원과,FAX,7054
49,대학본부,학생처/학생지원과,보건진료소,7055
50,대학본부,학생처/학생지원과,보건진료소 의사실,7056
51,대학본부,학생처/학생지원과,관리실 (학생회관),7057
52,대학본부,학생처/학생상담센터,학생상담센터,"6373, 7080"
53,대학본부,학생처/취업창업본부,취업창업본부장,7007
54,대학본부,학생처/취업창업본부/취업창업지원과,취업창업지원과장,7070
55,대학본부,학생처/취업창업본부/취업창업지원과,취업팀,"7071~2, 7074~5"
56,대학본부,학생처/취업창업본부/취업창업지원과,상담실,7079
57,대학본부,학생처/취업창업본부/취업창업지원과,FAX,7078
58,대학본부,학생처/취업창업본부/취업창업지원과,취업지원관실,6371
59,대학본부,학생처/취업창업본부/취업창업지원과,FAX (취업지원관실),6374
60,대학본부,기획처,기획처장,"7004, 823-2003"
61,대학본부,기획처/전략평가본부,전략평가본부장,7015
62,대학본부,기획처/전략평가본부/기획과,기획과장,7090
63,대학본부,기획처/전략평가본부/기획과,기획팀,"7096, 7091~2"
64,대학본부,기획처/전략평가본부/기획과,대학혁신지원사업,"7097, 7098"
65,대학본부,기획처/전략평가본부/기획과,국립대학육성사업,"6814, 6815"
66,대학본부,기획처/전략평가본부/기획과,평가팀,7093~4
67,대학본부,기획처/전략평가본부/기획과,FAX,7095
68,대학본부,기획처/전략평가본부/기획과,기획 평가장,5001
69,대학본부,입학처,입학처장,7006
70,대학본부,입학처/입학관리과,입학관리과장,7040
71,대학본부,입학처/입학관리과,입학관리,"7041, 7042, 7043"
72,대학본부,입학처/입학관리과,FAX,7044
73,대학본부,사무국,사무국장,"7005, 823-2004"
74,대학본부,사무국/총무과,총무과장,823-2005
75,대학본부,사무국/총무과,총무,"7111~2, 7122, 7166~7169"
76,대학본부,사무국/총무과,인사,"7113~4, 7123"
77,대학본부,사무국/총무과,FAX (총무과),7115
78,대학본부,사무국/총무과/예비군대대,대대장,7116
79,대학본부,사무국/총무과/예비군대대,사무실,7117
80,대학본부,사무국/총무과/예비군대대,FAX,7118
81,대학본부,사무국/총무과,본관당직실,"7120, 7121"
82,대학본부,사무국/총무과,우편실,7124
83,대학본부,사무국/총무과/솔뫼문화관,사무실,7126
84,대학본부,사무국/총무과/솔뫼문화관,조정실,7127
85,대학본부,사무국/총무과/솔뫼문화관,회의실,7128
86,대학본부,사무국/총무과/솔뫼문화관,귀빈실,7129
87,대학본부,사무국/총무과/솔뫼문화관,FAX,7134
88,대학본부,사무국/총무과,정문수위실,7130
89,대학본부,사무국/총무과,후문수위실,7131
90,대학본부,사무국/총무과,기사대기실,7171
91,대학본부,사무국/총무과,회의실,7125
92,대학본부,사무국/총무과,기록관,6757
93,대학본부,사무국/재무과,재무과장,7140
94,대학본부,사무국/재무과,대학회계,7141
95,대학본부,사무국/재무과,국가지원금,7142
96,대학본부,사무국/재무과,"물품구매, 관리",7143
97,대학본부,사무국/재무과,"실험실습기자재구매, 관리",7144
98,대학본부,사무국/재무과,대학회계 지출,7146
99,대학본부,사무국/재무과,"급여, 원천징수",7147
100,대학본부,사무국/재무과,"등록금수납, 국유재산관리",7148
101,대학본부,사무국/재무과,대학회계 전반,7149
102,대학본부,사무국/재무과,FAX,7145
103,대학본부,사무국/시설과,시설과장,7150
104,대학본부,사무국/시설과,시설기획팀,"6857, 7151, 7985"
105,대학본부,사무국/시설과,시설팀,"6854~6855, 7152"
106,대학본부,사무국/시설과,설비팀,"6850, 7153"
107,대학본부,사무국/시설과,전기안전팀,"6852, 6856, 7154, 6859"
108,대학본부,사무국/시설과,"파워플랜트(전기, 통신, 소방·전기)",7155
109,대학본부,사무국/시설과,파워플랜트(설비),"7158, 7159"
110,대학본부,사무국/시설과,파워플랜트(건축),7157
111,대학본부,사무국/시설과,파워플랜트(기계),6858
112,대학본부,사무국/시설과,FAX,7160
113,대학본부,대외협력본부,대외협력본부장,7008
114,대학본부,대외협력본부/대외협력실,대외협력실장,7100
115,대학본부,대외협력본부/대외협력실,국제교류,"7101, 7102"
116,대학본부,대외협력본부/대외협력실,대학홍보,"7103, 7104"
117,대학본부,대외협력본부/대외협력실,발전기금,"7105, 7106"
118,대학본부,대외협력본부/대외협력실,국내교류,7107
119,대학본부,대외협력본부/대외협력실,한국어학당,6098
120,대학본부,대외협력본부/대외협력실,FAX,7108
121,대학원,일반대학원,대학원장,7190
122,대학원,일반대학원,행정실장,7177
123,대학원,일반대학원,행정실,"7191, 7192"
124,대학원,일반대학원,FAX,6045
125,대학원,행정경영대학원(사회과학대학),행정경영대학원장,7850
126,대학원,행정경영대학원(사회과학대학),행정실(학위과정),7766
127,대학원,행정경영대학원(사회과학대학),FAX (학위과정),7874
128,대학원,행정경영대학원(사회과학대학),행정실(최고관리자과정),"7851, 7852"
129,대학원,행정경영대학원(사회과학대학),FAX (최고관리자과정),7853
130,대학원,교육대학원(사범대학),교육대학원장,7650
131,대학원,교육대학원(사범대학),행정실,7194
132,대학원,교육대학원(사범대학),FAX,7653
133,대학원,한국문화산업전문대학원,한국문화산업전문대학원장,6380
134,대학원,한국문화산업전문대학원,행정실,"6381, 6382"
135,대학원,한국문화산업전문대학원,대회의장,6391
136,대학원,한국문화산업전문대학원,중회의실,6395
137,대학원,한국문화산업전문대학원,FAX,6383
138,대학원,한국문화산업전문대학원/융합콘텐츠학과,대학원 행정실,6381
139,대학원,한국문화산업전문대학원/융합콘텐츠학과,교수/이은주,6385
140,대학원,한국문화산업전문대학원/융합콘텐츠학과,교수/김진희,6390
141,대학원,한국문화산업전문대학원/융합콘텐츠학과,교수/김시범,6388
142,대학원,한국문화산업전문대학원/융합콘텐츠학과,교수/장혜원,6387
143,대학원,한국문화산업전문대학원/융합콘텐츠학과,교수/정낙현,6389
144,대학원,한국문화산업전문대학원/융합콘텐츠학과,교수/권기창,6386
145,대학원,한국문화산업전문대학원/융합콘텐츠학과,교수/김공숙,6384
146,단과대학,인문예술대학 (제1행정실),인문예술대학장,7600
147,단과대학,인문예술대학 (제1행정실),행정실장,7701
148,단과대학,인문예술대학 (제1행정실),행정실,"7602, 7603"
149,단과대학,인문예술대학 (제1행정실),FAX,7604
150,단과대학,인문예술대학 (제1행정실),강사대기실,7606
151,단과대학,인문예술대학 (제1행정실),인문학관 관리실,7605
152,단과대학,인문예술대학 (제1행정실),음악관 관리실,6425
153,단과대학,인문예술대학 (제1행정실),미술학관 관리실,7835
154,단과대학,과학기술대학 (제1행정실),과학기술대학장,7700
155,단과대학,과학기술대학 (제1행정실),행정실장,7701
156,단과대학,과학기술대학 (제1행정실),행정실,7702~3
157,단과대학,과학기술대학 (제1행정실),FAX,7705
158,단과대학,과학기술대학 (제1행정실),강사대기실,7706
159,단과대학,과학기술대학 (제1행정실),관리실 (자연·생명1호관),7707
160,단과대학,과학기술대학 (제1행정실),관리실 (자연·생명2호관),7708
161,단과대학,과학기술대학 (제1행정실),체육관 관리실,7840
162,단과대학,생명과학건강복지대학(제1행정실),생명과학건강복지대학장,7800
163,단과대학,생명과학건강복지대학 (제1행정실),행정실장,7701
164,단과대학,생명과학건강복지대학(제1행정실),행정실,7702~7703
165,단과대학,생명과학건강복지대학(제1행정실),FAX,7705
166,단과대학,생명과학건강복지대학(제1행정실),관리실(자연·생명1호관),7707
167,단과대학,생명과학건강복지대학(제1행정실),관리실(자연·생명2호관),7708
168,단과대학,사회과학대학 (제2행정실),사회과학대학장,7850
169,단과대학,사회과학대학 (제2행정실),행정실장,7601
170,단과대학,사회과학대학 (제2행정실),행정실,"7851, 7852"
171,단과대학,사회과학대학 (제2행정실),FAX,7853
172,단과대학,사회과학대학 (제2행정실),강사대기실,7854
173,단과대학,사회과학대학 (제2행정실),관리실,7855
174,단과대학,사범대학 (제2행정실),사범대학장,7650
175,단과대학,사범대학 (제2행정실),행정실장,7601
176,단과대학,사범대학 (제2행정실),행정실,"7651, 7652"
177,단과대학,사범대학 (제2행정실),FAX,7653
178,단과대학,사범대학 (제2행정실),관리실,7654
179,단과대학,공과대학 (제2행정실),공과대학장,7870
180,단과대학,공과대학 (제2행정실),행정실장,7601
181,단과대학,공과대학 (제2행정실),행정실,"7872, 7873"
182,단과대학,공과대학 (제2행정실),FAX,7874
183,단과대학,공과대학 (제2행정실),관리실 (공대1호관),7875
184,단과대학,공과대학 (제2행정실),관리실 (공대2호관),7876
185,단과대학,공과대학 (제2행정실),관리실 (공대3호관),7173
186,단과대학,공과대학 (제2행정실),강사대기실,7877
187,단과대학,공과대학 (제2행정실),기계실,7880
188,단과대학,창의융합학부,창의융합학부,5756
189,단과대학,창의융합학부,사무실,6822~3
190,단과대학,창의융합학부,FAX,6825
191,교육기본시설,도서관,도서관장,7210
192,교육기본시설,도서관/학술정보과,학술정보과장,7211
193,교육기본시설,도서관/학술정보과,"기획, 평가",7213
194,교육기본시설,도서관/학술정보과,"회계, 물품",7212
195,교육기본시설,도서관/학술정보과,"도서구입, 희망도서",7214
196,교육기본시설,도서관/학술정보과,"통계, 기증",7215
197,교육기본시설,도서관/학술정보과,FAX,7219
198,교육기본시설,도서관/학술정보과,"회원제, 행사",7218
199,교육기본시설,도서관/학술정보과,"홈페이지, 시스템",7220
200,교육기본시설,도서관/학술정보과,"이용교육, 학위논문",7222
201,교육기본시설,도서관/학술정보과,"근로관리, 상호대차",7217
202,교육기본시설,도서관/학술정보과,FAX,7225
203,교육기본시설,정보통신원,정보통신원장,7250
204,교육기본시설,정보통신원,전산망관리,7252
205,교육기본시설,정보통신원,대학원입시/학과홈페이지,7253
206,교육기본시설,정보통신원,그룹웨어/대학홈페이지,7254
207,교육기본시설,정보통신원,네트워크/인터넷,7255
208,교육기본시설,정보통신원,학사행정개발관리,7257
209,교육기본시설,정보통신원,학사정보개발운영,"7258, 7259"
210,교육기본시설,정보통신원,행정정보개발운영,"7260, 7261"
211,교육기본시설,정보통신원,PC유지보수센터,7262
212,교육기본시설,정보통신원,FAX,7263
213,교육기본시설,정보통신원,관리실,7268
214,지원시설,생활관(기숙사),생활관장,7430
215,지원시설,생활관(기숙사),행정실장,7453
216,지원시설,생활관(기숙사)/솔뫼관,행정실,"7431, 7432"
217,지원시설,생활관(기숙사)/솔뫼관,2동 사무실,7433
218,지원시설,생활관(기숙사)/솔뫼관,2동 생활상담원,7434
219,지원시설,생활관(기숙사)/솔뫼관,4동 사무실,7435
220,지원시설,생활관(기숙사)/솔뫼관,4동 생활상담원,7436
221,지원시설,생활관(기숙사)/솔뫼관,기계실,7437
222,지원시설,생활관(기숙사)/솔뫼관,영양사실,7438
223,지원시설,생활관(기숙사)/솔뫼관,FAX,7439
224,지원시설,생활관(기숙사)/가람관,행정실,"7443, 7444"
225,지원시설,생활관(기숙사)/가람관,직무실,7442
226,지원시설,생활관(기숙사)/가람관,1층 생활상담원,7446
227,지원시설,생활관(기숙사)/가람관,방재실,7447
228,지원시설,생활관(기숙사)/가람관,영양사실,7448
229,지원시설,생활관(기숙사)/가람관,위생원실,7449
230,지원시설,생활관(기숙사)/가람관,기계실,7450
231,지원시설,생활관(기숙사)/가람관,가람관 FAX,6406
232,지원시설,생활관(기숙사)/가람관,안내실,7454
233,지원시설,생활관(기숙사)/가람관,FAX,7455
234,지원시설,생활관(기숙사)/가람관,가람관 SPC,821-8941
235,지원시설,생활관(기숙사)/솔빛관,안내실,7454
236,지원시설,생활관(기숙사)/솔빛관,상담실,7452
237,지원시설,생활관(기숙사)/솔빛관,FAX,7455
238,지원시설,생활관(기숙사)/솔빛관,SPC,821-8941
239,지원시설,IR센터,센터장,7015
240,지원시설,IR센터,행정실,"6870, 6871"
241,지원시설,안동형 일자리사업단,일자리사업단장,6940
242,지원시설,안동형 일자리사업단,사업단,6941~6945
243,지원시설,안동형 일자리사업단,FAX,6950
244,지원시설,공동실험실습관,공동실험실습관장,7320
245,지원시설,공동실험실습관,행정실,"7321, 7337"
246,지원시설,공동실험실습관,나노소재분석실,7334
247,지원시설,공동실험실습관,수질환경분석실,7345
248,지원시설,공동실험실습관,전자현미경실,7347
249,지원시설,공동실험실습관,FAX,7322
250,지원시설,고시원,고시원장,7360
251,지원시설,고시원,행정실,7361
252,지원시설,언론사,방송국장,7365
253,지원시설,언론사,방송국,7366
254,지원시설,언론사,신문사주간,7367
255,지원시설,언론사,신문사,7368
256,지원시설,출판부,출판부,7370
257,지원시설,"체육부, 2급생활스포츠지도사연수원",행정실,7380
258,지원시설,체육부,영재센터,5824
259,지원시설,체육부,탁구실,7381
260,지원시설,체육부,운동장,7383
261,지원시설,체육부,양궁팀,7384
262,지원시설,체육부,테니스장,"7385, 7386"
263,지원시설,체육부,FAX,7379
264,지원시설,공학교육혁신센터,센터장,5427
265,지원시설,공학교육혁신센터,행정실,"6038, 7405"
266,지원시설,공학교육혁신센터,FAX,7406
267,지원시설,대학일자리플러스센터,행정실,7081~6
268,지원시설,대학일자리플러스센터,FAX,7087
269,지원시설,LINC 3.0 사업단,단장,5797
270,지원시설,LINC 3.0 사업단,산학협업본부장,6190
271,지원시설,LINC 3.0 사업단,산학교육원장,6272
272,지원시설,LINC 3.0 사업단,백신햄프 ICC,7196
273,지원시설,LINC 3.0 사업단,문화관광 ICC / 지역소멸대응 RCC,6623
274,지원시설,LINC 3.0 사업단,기술사업화센터,6624
275,지원시설,LINC 3.0 사업단,산업연계교육운영센터,6611
276,지원시설,LINC 3.0 사업단,FAX,6618
277,지원시설,다문화교육센터,다문화교육센터장,6501
278,지원시설,다문화교육센터,행정실,"6502, 5384"
279,지원시설,SW융합교육원,SW융합교육원장,5586
280,지원시설,SW융합교육원,행정실,6932
281,지원시설,SW전문인재양성사업단,행정실,6368
282,지원시설,특성화학과혁신지원사업단,행정실,7351
283,지원시설,지역혁신사업단,행정실,7908
284,부속시설,박물관,박물관장,7420
285,부속시설,박물관,행정실,"7421, 7422"
286,부속시설,박물관,FAX,7423
287,부속시설,박물관,학예실,7424
288,부속시설,박물관,작업실,7425
289,부속시설,평생교육원,평생교육원장,"6679, 7310"
290,부속시설,평생교육원,행정실,"7311, 7312"
291,부속시설,평생교육원,FAX,7313
292,부속시설,평생교육원/안동영어마을,안동영어마을원장,7299
293,부속시설,평생교육원/안동영어마을,행정실,7300~7302
294,부속시설,평생교육원/안동영어마을,사감실,6376
295,부속시설,평생교육원/안동영어마을,FAX,7308
296,부속시설,평생교육원/종합스포츠센터,안내,"6688, 6689"
297,부속시설,평생교육원/종합스포츠센터,행정실,6690~6693
298,부속시설,평생교육원/종합스포츠센터,골프장,6671~6673
299,부속시설,평생교육원/종합스포츠센터,관리실,"6674(남), 6675(여)"
300,부속시설,평생교육원/종합스포츠센터,프로대기실,6676
301,부속시설,평생교육원/종합스포츠센터,수영강사실,"6677, 6678"
302,부속시설,평생교육원/종합스포츠센터,FAX,6680
303,부속시설,평생교육원/종합스포츠센터,기계실,"6681, 6682"
304,부속시설,평생교육원/종합스포츠센터,헬스장,6683
305,부속시설,평생교육원/종합스포츠센터,요가실,6684
306,부속시설,평생교육원/종합스포츠센터,현관,6685
307,부속시설,농업개발원,행정실,"7372, 7373"
308,부속시설,농업개발원,FAX,7375
309,부속시설,농업개발원,농업정보119,5119
310,부속시설,농업개발원,FAX (농업정보119),6119
311,부속시설,과학영재교육원,과학영재교육원장,7395
312,부속시설,과학영재교육원,행정실,7396
313,부속시설,과학영재교육원,FAX,7397
314,부속시설,사범대학 부속 교직부,행정실,6802
315,부속시설,사범대학 부속 미래교육센터,미래교육센터장,7665
316,부속시설,"생명과학·건강복지대 스마트농장, 농학특성화지원센터",행정실,5842
317,부속시설,생명과학·건강복지대 스마트농장,온실관리소,"7390, 7391"
318,부속시설,공자학원,공자학원장,6613
319,부속시설,공자학원,부원장,6619
320,부속시설,공자학원,한중유교문화연구센터장,6614
321,부속시설,공자학원,행정실,"6615, 6616"
322,부속시설,공자학원,FAX,6617
323,연구시설,인문사회과학계열/안동문화연구소,안동문화연구소,7461
324,연구시설,인문사회과학계열/민속학연구소,민속학연구소,7460
325,연구시설,인문사회과학계열/퇴계학연구소,퇴계학연구소,7462
326,연구시설,인문사회과학계열/문화산업연구소,문화산업연구소,6396
327,연구시설,인문사회과학계열/인문과학연구소,인문과학연구소,7466
328,연구시설,인문사회과학계열/지역사회발전연구소,지역사회발전연구소,7465
329,연구시설,인문사회과학계열/사회과학연구소,사회과학연구소,7464
330,연구시설,인문사회과학계열/경영연구소,경영연구소,7463
331,연구시설,인문사회과학계열/경북발전연구소,경북발전연구소,5405
332,연구시설,인문사회과학계열/에너지·환경경제연구소,에너지·환경경제연구소,5420
333,연구시설,자연과학계열/한국수행향상센터,한국수행향상센터,5580
334,연구시설,인문사회과학계열/지방정부학연구소,지방정부학연구소,5405
335,연구시설,예·체능계열/스포츠컨텐츠연구소,스포츠컨텐츠연구소,5823
336,연구시설,인문사회과학계열/한국공공선택학연구소,한국공공선택학연구소,5428
337,연구시설,인문사회과학계열/교과교육연구소,교과교육연구소,5520
338,연구시설,자연과학계열/기초과학연구소,기초과학연구소,7468
339,연구시설,자연과학계열/농업과학기술연구소,농업과학기술연구소,5842
340,연구시설,자연과학계열/환경연구소,환경연구소,7471
341,연구시설,공학계열/공학기술연구소,공학기술연구소,7467
342,연구시설,자연과학계열/해양바이오산업연구소,해양바이오산업연구소,5460
343,연구시설,공학계열/청정·에너지 소재기술연구센터,청정·에너지 소재기술연구센터,5817
344,연구시설,공학계열/비점오염연구센터,비점오염연구센터,6187
345,연구시설,공학계열/신뢰성 교육·연구센터,신뢰성 교육·연구센터,5814
346,연구시설,공학계열/유비쿼터스정보기술연구센터,유비쿼터스정보기술연구센터,6256
347,연구시설,공학계열/공공디자인센터,공공디자인센터,5910
348,연구시설,공학계열/의료·바이오소재연구센터,의료·바이오소재연구센터,5502
349,연구시설,공학계열/에너지시스템 기술연구소,에너지시스템 기술연구소,7918
350,연구시설,공학계열/녹색융합기계연구센터,녹색융합기계연구센터,6180
351,연구시설,공학계열/분석과학기술연구소,분석과학기술연구소,6187
352,연구시설,인문사회과학계열/문화관광연구소,문화관광연구소,5630
353,연구시설,공학계열/THAMS 융합기술연구소,THAMS 융합기술연구소,5814
354,연구시설,공학계열/농업생력화연구개발센터,농업생력화연구개발센터,5495
355,연구시설,공학계열/방재연구센터,방재연구센터,5665
356,연구시설,공학계열/친환경 신소재 산업지원센터,친환경 신소재 산업지원센터,6258
357,연구시설,자연과학계열/백신산업연구소,백신산업연구소,5460
358,연구시설,인문사회과학계열/법학연구소,법학연구소,5397
359,연구시설,인문사회과학계열/인성교육연구센터,인성교육연구센터,5520
360,협력시설,제161 학군단,학군단장,7480
361,협력시설,제161 학군단,행정반,"7481, 7482"
362,협력시설,제161 학군단,훈육관,7483
363,협력시설,제161 학군단,교관실,7484
364,협력시설,제161 학군단,지휘근무자실,7485
365,법인 및 기타,산학협력단,산학협력단장,7410
366,법인 및 기타,산학협력단/산학연구지원과,산학연구지원과장,7180
367,법인 및 기타,산학협력단/산학연구지원과,사무실,"7181~5, 7205, 7207~8, 7188~9, 7195"
368,법인 및 기타,산학협력단/산학연구지원과,FAX,7186
369,법인 및 기타,산학협력단,산단행정실,7184
370,법인 및 기타,산학협력단,교수/이동희,6809
371,법인 및 기타,산학협력단/중소기업산학협력센터,사무실,7411
372,법인 및 기타,산학협력단/중소기업산학협력센터,FAX,7412
373,법인 및 기타,산학협력단/창업지원센터,사무실,"7415, 7418"
374,법인 및 기타,산학협력단/창업지원센터,FAX,7416
375,법인 및 기타,산학협력단/토양분석센터,사무실,"6667, 6480"
376,법인 및 기타,산학협력단/토양분석센터,FAX,6668
377,법인 및 기타,소비자생활협동조합,사무실,"7490, 7491, 7492"
378,법인 및 기타,소비자생활협동조합,FAX,7493
379,법인 및 기타,소비자생활협동조합,교직원식당 (채움관),7495
380,법인 및 기타,소비자생활협동조합,학생회관마트,7496
381,법인 및 기타,소비자생활협동조합,A마트,7501
382,법인 및 기타,소비자생활협동조합,핸즈커피,6608
383,법인 및 기타,소비자생활협동조합,파리바게트,6725
384,법인 및 기타,소비자생활협동조합,양식코너,6726
385,법인 및 기타,소비자생활협동조합,맘스터치,6727
386,법인 및 기타,소비자생활협동조합,우편취급국,7524
387,법인 및 기타,대학평의원회,의장실,5022
388,법인 및 기타,대학평의원회,행정실,7201
389,법인 및 기타,대학평의원회,FAX,7202
390,법인 및 기타,교수회,회장실,7200
391,법인 및 기타,교수회,행정실,7201
392,법인 및 기타,교수회,FAX,7202
393,법인 및 기타,교수회,교수휴게실,7203
394,법인 및 기타,직원단체/공무원노조,사무실,7510
395,법인 및 기타,직원단체/공무원노조,FAX,7511
396,법인 및 기타,직원단체/대학노조,사무실,7512
397,법인 및 기타,직원단체/대학노조,FAX,7513
398,법인 및 기타,조교협의회,조교협의회 사무실,6906
399,법인 및 기타,안동대학교어린이집,사무실,7811
400,법인 및 기타,안동대학교어린이집,FAX,6634
401,법인 및 기타,편의시설,미용실,7520
402,법인 및 기타,편의시설,구내서점,7522
403,법인 및 기타,편의시설,신한은행,7525
404,법인 및 기타,편의시설,체력단련실,7528
405,법인 및 기타,연구사업단/어린이급식관리지원센터,사무실,"6661, 6662"
406,법인 및 기타,연구사업단/사회적기업과 육성사업단,사무실,6670
407,학생회,총학생회,총학생회장,7530
408,학생회,총학생회,사무실,7531
409,학생회,학생회,인문예술대학생회,7532
410,학생회,학생회,사회대학생회,7533
411,학생회,학생회,사범대학생회,7534
412,학생회,학생회,자연대학생회,7535
413,학생회,학생회,생명대학생회,7537
414,학생회,학생회,공과대학생회,7536
415,학생회,여학생회,여학생회장,7540
416,학생회,여학생회,사무실,7541
417,학생회,여학생회,여학생회 전용실,7542
418,학생회,대의원,대의원 의장,7543
419,학생회,대의원,사무실,7544
420,학생회,위원회,교지편집위원회,7545
421,학생회,위원회,졸업준비위원회,7546
422,학생회,위원회,인권복지위원회,7547
423,학생회,총동창회,사무실,7548
424,학생회,ROTC 명예위원,ROTC 명예위원회,7549
425,학생회,동아리,동아리연합회,"7560, 7561"
426,학생회,동아리,동아리 (학군단 앞),7562
427,학생회,동아리,동아리 (체육관 앞),7563
428,학과 - 사회과학대학,경제학과,학과사무실,5412
429,학과 - 사회과학대학,경제학과,교수/박찬용,5414
430,학과 - 사회과학대학,경제학과,교수/윤재형,5415
431,학과 - 사회과학대학,경제학과,교수/류수열,6209
432,학과 - 사회과학대학,경제학과,교수/안건미,5413
433,학과 - 사회과학대학,무역학과,학과사무실,5428
434,학과 - 사회과학대학,무역학과,교수/이성규,5429
435,학과 - 사회과학대학,무역학과,교수/최돈승,5431
436,학과 - 사회과학대학,무역학과,교수/강효원,7164
437,학과 - 사회과학대학,무역학과,교수/정갑연,5432
438,학과 - 사회과학대학,경영회계학부/경영학전공,학과사무실,5420
439,학과 - 사회과학대학,경영회계학부/경영학전공,교수/김태형,5694
440,학과 - 사회과학대학,경영회계학부/경영학전공,교수/김상우,6208
441,학과 - 사회과학대학,경영회계학부/경영학전공,교수/송준협,6212
442,학과 - 사회과학대학,경영회계학부/경영학전공,교수/홍종의,5422
443,학과 - 사회과학대학,경영회계학부/경영학전공,교수/이명성,5423
444,학과 - 사회과학대학,경영회계학부/회계세무전공,학과사무실,5436
445,학과 - 사회과학대학,경영회계학부/회계세무전공,교수/반혜정,5437
446,학과 - 사회과학대학,경영회계학부/회계세무전공,교수/박기석,5438
447,학과 - 사회과학대학,경영회계학부/회계세무전공,교수/조석희,6358
448,학과 - 사회과학대학,경영회계학부/회계세무전공,교수/임채창,6801
449,학과 - 사회과학대학,경영회계학부/회계세무전공,교수/신찬휴,5439
450,학과 - 사회과학대학,법학과,학과사무실,5397
451,학과 - 사회과학대학,법학과,교수/정철호,5402
452,학과 - 사회과학대학,법학과,교수/김홍식,5743
453,학과 - 사회과학대학,법학과,교수/박주영,5403
454,학과 - 사회과학대학,법학과,교수/최민수,5400
455,학과 - 사회과학대학,법학과,교수/이혜진,5404
456,학과 - 사회과학대학,행정학과,학과사무실,5405
457,학과 - 사회과학대학,행정학과,교수/이성로,6154
458,학과 - 사회과학대학,행정학과,교수/김병문,6192
459,학과 - 사회과학대학,행정학과,교수/김병규,5408
460,학과 - 사회과학대학,행정학과,교수/윤기웅,5409
461,학과 - 사회과학대학,행정학과,교수/박정원,5407
462,학과 - 사회과학대학,행정학과,교수/임진섭,6195
463,학과 - 사범대학,국어교육과,학과사무실,5541
464,학과 - 사범대학,국어교육과,교수/최웅환,5554
465,학과 - 사범대학,국어교육과,교수/김주환,5547
466,학과 - 사범대학,국어교육과,교수/김효주,6751
467,학과 - 사범대학,국어교육학과,교수/김태웅,5357
468,학과 - 사범대학,윤리교육과,학과사무실,5520
469,학과 - 사범대학,윤리교육과,교수/이대희,5526
470,학과 - 사범대학,윤리교육과,교수/안영석,5521
471,학과 - 사범대학,윤리교육과,교수/이창희,5522
472,학과 - 사범대학,윤리교육과,교수/신원동,5553
473,학과 - 사범대학,영어교육과,학과사무실,5530
474,학과 - 사범대학,영어교육과,교수/김상효,5368
475,학과 - 사범대학,영어교육과,교수/김규미,5532
476,학과 - 사범대학,영어교육과,교수/김용명,5535
477,학과 - 사범대학,영어교육과,교수/김정덕,5538
478,학과 - 사범대학,교육공학과,학과사무실,5580
479,학과 - 사범대학,교육공학과,교수/권대훈,5581
480,학과 - 사범대학,교육공학과,교수/송상호,5892
481,학과 - 사범대학,교육공학과,교수/정현미,5583
482,학과 - 사범대학,교육공학과,교수/김광수,5891
483,학과 - 사범대학,교육공학과,교수/이기용,6896
484,학과 - 사범대학,교육공학과,교수/성은모,5585
485,학과 - 사범대학,교육공학과,교수/이상은,6895
486,학과 - 사범대학,수학교육과,학과사무실,5540
487,학과 - 사범대학,수학교육과,교수/유병훈,5635
488,학과 - 사범대학,수학교육과,교수/김의철,5544
489,학과 - 사범대학,수학교육과,교수/마민영,5542
490,학과 - 사범대학,수학교육과,교수/임동규,5543
491,학과 - 사범대학,수학교육과,교수/김재명,5546
492,학과 - 사범대학,컴퓨터교육과,학과사무실,5640
493,학과 - 사범대학,컴퓨터교육과,교수/강오한,5641
494,학과 - 사범대학,컴퓨터교육과,교수/강원석,5642
495,학과 - 사범대학,컴퓨터교육과,교수/송희헌,5425
496,학과 - 사범대학,컴퓨터교육과,교수/권보섭,5378
497,학과 - 사범대학,컴퓨터교육과,교수/김병순,5649
498,학과 - 사범대학,컴퓨터교육과,교수/전용주,5745
499,학과 - 사범대학,전기전자교육과,학과사무실,5650
500,학과 - 사범대학,전기전자교육과,교수/김청월,5652
501,학과 - 사범대학,전기전자교육과,교수/이영태,5744
502,학과 - 사범대학,전기전자교육과,교수/김성득,6155
503,학과 - 사범대학,전기전자교육과,교수/이혁수,5430
504,학과 - 사범대학,전기전자교육과,교수/이찬주,7665
505,학과 - 사범대학,기계교육과,학과사무실,5670
506,학과 - 사범대학,기계교육과,교수/유주식,5671
507,학과 - 사범대학,기계교육과,교수/이종길,5487
508,학과 - 사범대학,기계교육과,교수/배용환,5894
509,학과 - 사범대학,기계교육과,교수/강명기,5483
510,학과 - 사범대학,기계교육과,교수/조희근,5677
511,학과 - 공과대학,전기신소재공학부(전기에너지공학전공),학과사무실,5502
512,학과 - 공과대학,전기신소재공학부(전기에너지공학전공),교수/백용균,5754
513,학과 - 공과대학,전기신소재공학부(전기에너지공학전공),교수/정태주,5886
514,학과 - 공과대학,전기신소재공학부(전기에너지공학전공),교수/이덕현,7909
515,학과 - 공과대학,전기신소재공학부(신소재에너지공학전공),학과사무실,5502
516,학과 - 공과대학,전기신소재공학부(신소재에너지공학전공),교수/김태희,5503
517,학과 - 공과대학,전기신소재공학부(신소재에너지공학전공),교수/박경봉,5427
518,학과 - 공과대학,전기신소재공학부(신소재에너지공학전공),교수/하정수,5637
519,학과 - 공과대학,전기신소재공학부(신소재에너지공학전공),교수/오경식,5783
520,학과 - 공과대학,전기신소재공학부(신소재에너지공학전공),교수/이혁재,6272
521,학과 - 공과대학,첨단재료공학과,학과사무실,5817
522,학과 - 공과대학,첨단재료공학과,교수/김영식,5504
523,학과 - 공과대학,첨단재료공학과,교수/박영배,5121
524,학과 - 공과대학,첨단재료공학과,교수/이상용,5122
525,학과 - 공과대학,첨단재료공학과,교수/김영천,6810
526,학과 - 공과대학,첨단재료공학과,교수/남승훈,5755
527,학과 - 공과대학,기계공학과,학과사무실,5495
528,학과 - 공과대학,기계공학과,교수/김희동,5622
529,학과 - 공과대학,기계공학과,교수/이기용,5899
530,학과 - 공과대학,기계공학과,교수/이장창,5168
531,학과 - 공과대학,기계공학과,교수/장봉춘,6158
532,학과 - 공과대학,기계공학과,교수/김종영,5669
533,학과 - 공과대학,기계공학과,교수/김대진,6128
534,학과 - 공과대학,자동차공학과,학과사무실,5814
535,학과 - 공과대학,자동차공학과,교수/서태원,5756
536,학과 - 공과대학,자동차공학과,교수/김영찬,6013
537,학과 - 공과대학,자동차공학과,교수/신기홍,5885
538,학과 - 공과대학,자동차공학과,교수/양철호,6159
539,학과 - 공과대학,자동차공학과,교수/김호찬,5269
540,학과 - 공과대학,자동차공학과,교수/손영갑,5907
541,학과 - 공과대학,자동차공학과,교수/김정민,7935
542,학과 - 공과대학,기계로봇공학과,학과사무실,6180
543,학과 - 공과대학,기계로봇공학과,교수/신형섭,5675
544,학과 - 공과대학,기계로봇공학과,교수/김시조,5676
545,학과 - 공과대학,기계로봇공학과,교수/이상헌,5908
546,학과 - 공과대학,기계로봇공학과,교수/한정삼,6218
547,학과 - 공과대학,기계로봇공학과,교수/황희윤,6305
548,학과 - 공과대학,기계로봇공학과,교수/안태창,7767
549,학과 - 공과대학,전자공학과,학과사무실,5680
550,학과 - 공과대학,전자공학과,교수/이정환,5479
551,학과 - 공과대학,전자공학과,교수/노석호,5569
552,학과 - 공과대학,전자공학과,교수/주재율,5424
553,학과 - 공과대학,전자공학과,교수/이근행,5681
554,학과 - 공과대학,정보통신공학과,학과사무실,5684
555,학과 - 공과대학,정보통신공학과,교수/정중수,5644
556,학과 - 공과대학,정보통신공학과,교수/김석규,5163
557,학과 - 공과대학,정보통신공학과,교수/정해재,6121
558,학과 - 공과대학,정보통신공학과,교수/김재현,7964
559,학과 - 공과대학,정보통신공학과,교수/송석현,6890
560,학과 - 공과대학,컴퓨터공학과,학과사무실,5480
561,학과 - 공과대학,컴퓨터공학과,교수/심재창,5645
562,학과 - 공과대학,컴퓨터공학과,교수/김윤호,5898
563,학과 - 공과대학,컴퓨터공학과,교수/차영욱,5714
564,학과 - 공과대학,컴퓨터공학과,교수/이철희,6190
565,학과 - 공과대학,컴퓨터공학과,교수/이은서,6306
566,학과 - 공과대학,컴퓨터공학과,교수/양태훈,7451
567,학과 - 공과대학,소프트웨어융합학과,학과사무실,5911
568,학과 - 공과대학,소프트웨어융합학과,교수/임한규,5586
569,학과 - 공과대학,소프트웨어융합학과,교수/김현기,5747
570,학과 - 공과대학,소프트웨어융합학과,교수/조대제,6130
571,학과 - 공과대학,소프트웨어융합학과,교수/김희선,5478
572,학과 - 공과대학,소프트웨어융합학과,교수/고재성,6219
573,학과 - 공과대학,소프트웨어융합학과,교수/정기현,7968
574,학과 - 공과대학,건설시스템공학과,학과사무실,5665
575,학과 - 공과대학,건설시스템공학과,교수/백승철,5470
576,학과 - 공과대학,건설시스템공학과,교수/배수호,5896
577,학과 - 공과대학,건설시스템공학과,교수/신사철,5595
578,학과 - 공과대학,건설시스템공학과,교수/이상열,5847
579,학과 - 공과대학,건설시스템공학과,교수/김병일,6669
580,학과 - 공과대학,환경공학과,학과사무실,6187
581,학과 - 공과대학,환경공학과,교수/김태동,5895
582,학과 - 공과대학,환경공학과,교수/김영훈,5818
583,학과 - 공과대학,환경공학과,교수/최동혁,6160
584,학과 - 공과대학,환경공학과,교수/강미아,6267
585,학과 - 공과대학,환경공학과,교수/전지홍,5093
586,학과 - 공과대학,건축공학과,학과사무실,5910
587,학과 - 공과대학,건축공학과,교수/유영찬,5597
588,학과 - 공과대학,건축공학과,교수/이도영,6014
589,학과 - 공과대학,건축공학과,교수/이강희,6012
590,학과 - 공과대학,건축공학과,교수/박우열,5897
591,학과 - 공과대학,건축공학과,교수/정연상,5859
592,학과 - 공과대학,스마트센서공학과(물리학과),학과사무실,5444
593,학과 - 공과대학,스마트센서공학과(물리학과),교수/김석환,5446
594,학과 - 공과대학,스마트센서공학과(물리학과),교수/권성덕,5447
595,학과 - 공과대학,스마트센서공학과(물리학과),교수/윤석수,5450
596,학과 - 공과대학,스마트센서공학과(물리학과),교수/신기량,5646
597,학과 - 공과대학,스마트센서공학과(물리학과),교수/김동영,5445
598,학과 - 공과대학,스마트센서공학과(물리학과),교수/신동희,5449
599,학과 - 인문예술대학,국어국문학과,학과사무실,5350
600,학과 - 인문예술대학,국어국문학과,교수/이화진,5356
601,학과 - 인문예술대학,국어국문학과,교수/김용하,5355
602,학과 - 인문예술대학,국어국문학과,교수/김윤희,5354
603,학과 - 인문예술대학,국어국문학과,교수/신호림,5352
604,학과 - 인문예술대학,국어국문학과,교수/천명희,5353
605,학과 - 인문예술대학,중국어문문화학과,학과사무실,5527
606,학과 - 인문예술대학,중국어문문화학과,교수/김종찬,5615
607,학과 - 인문예술대학,중국어문문화학과,교수/최병규,5626
608,학과 - 인문예술대학,중국어문문화학과,교수/가보서,6303
609,학과 - 인문예술대학,중국어문문화학과,교수/최우석,5364
610,학과 - 인문예술대학,유럽문화관광학과,학과사무실,5630
611,학과 - 인문예술대학,유럽문화관광학과,교수/전영록,5741
612,학과 - 인문예술대학,유럽문화관광학과,교수/정화영,5742
613,학과 - 인문예술대학,유럽문화관광학과,교수/김복래,5628
614,학과 - 인문예술대학,유럽문화관광학과,교수/배만규,6900
615,학과 - 인문예술대학,유럽문화관광학과,교수/전상미,5584
616,학과 - 인문예술대학,한문학과,학과사무실,5360
617,학과 - 인문예술대학,한문학과,교수/김남기,6302
618,학과 - 인문예술대학,한문학과,교수/신두환,5363
619,학과 - 인문예술대학,한문학과,교수/하정승,5382
620,학과 - 인문예술대학,한문학과,교수/이홍식,5365
621,학과 - 인문예술대학,문화유산학과,학과사무실,5380
622,학과 - 인문예술대학,문화유산학과,교수/한양명,5616
623,학과 - 인문예술대학,문화유산학과,교수/배영동,5381
624,학과 - 인문예술대학,문화유산학과,교수/이상현,5351
625,학과 - 인문예술대학,문화유산학과,교수/이영배,6403
626,학과 - 인문예술대학,문화유산학과,교수/이용범,5385
627,학과 - 인문예술대학,문화유산학과,교수/이진교,5383
628,학과 - 인문예술대학,동양철학과,학과사무실,5390
629,학과 - 인문예술대학,동양철학과,교수/전성건,5392
630,학과 - 인문예술대학,동양철학과,교수/조윤경,5393
631,학과 - 인문예술대학,동양철학과,교수/정종모,5391
632,학과 - 인문예술대학,사학과,학과사무실,5370
633,학과 - 인문예술대학,사학과,교수/안상준,5372
634,학과 - 인문예술대학,사학과,교수/김종복,5374
635,학과 - 인문예술대학,사학과,교수/태지호,5375
636,학과 - 인문예술대학,사학과,교수/정영구,5373
637,학과 - 인문예술대학,사학과,교수/강윤정,5377
638,학과 - 인문예술대학,사학과,교수/이민우,5371
639,학과 - 인문예술대학,공연예술음악과,학과사무실,5550
640,학과 - 인문예술대학,공연예술음악과,교수/김수연,5557
641,학과 - 인문예술대학,공연예술음악과,교수/이광순,6152
642,학과 - 인문예술대학,공연예술음악과,교수/김진호,6153
643,학과 - 인문예술대학,공연예술음악과,교수/정주영,5549
644,학과 - 인문예술대학,공연예술음악과,교수/강용식,5558
645,학과 - 인문예술대학,공연예술음악과,교수/박유리,5555
646,학과 - 인문예술대학,미술학과,학과사무실,5560
647,학과 - 인문예술대학,미술학과,교수/송환아,5566
648,학과 - 인문예술대학,미술학과,교수/금중기,5563
649,학과 - 인문예술대학,미술학과,교수/장지희,5568
650,학과 - 창의융합학부,창의융합학부,학부행정실,6822
651,학과 - 창의융합학부,창의융합학부,교수/주해원,6811
652,학과 - 창의융합학부,창의융합학부,교수/이한성,6840
653,학과 - 과학기술대학,화학생명공학과,학과사무실,5452
654,학과 - 과학기술대학,화학생명공학과,교수/유건상,5453
655,학과 - 과학기술대학,화학생명공학과,교수/임우택,5454
656,학과 - 과학기술대학,화학생명공학과,교수/송인택,5455
657,학과 - 과학기술대학,화학생명공학과,교수/한지훈,5456
658,학과 - 과학기술대학,지구환경과학과,학과사무실,5467
659,학과 - 과학기술대학,지구환경과학과,교수/정기영,5619
660,학과 - 과학기술대학,지구환경과학과,교수/강지훈,5474
661,학과 - 과학기술대학,지구환경과학과,교수/조형래,5022
662,학과 - 과학기술대학,지구환경과학과,교수/김정진,5038
663,학과 - 과학기술대학,정보통계학과,학과사무실,5481
664,학과 - 과학기술대학,정보통계학과,교수/이재만,5473
665,학과 - 과학기술대학,정보통계학과,교수/고정환,5620
666,학과 - 과학기술대학,정보통계학과,교수/장은진,5477
667,학과 - 과학기술대학,정보통계학과,교수/서정인,7063
668,학과 - 과학기술대학,정보통계학과,교수/조애정,7459
669,학과 - 생명과학건강복지대학,생명과학과,학과사무실,5460
670,학과 - 생명과학건강복지대학,생명과학과,교수/이종은,5618
671,학과 - 생명과학건강복지대학,생명과학과,교수/김순영,5647
672,학과 - 생명과학건강복지대학,생명과학과,교수/김종식,5798
673,학과 - 생명과학건강복지대학,생명과학과,교수/정정욱,5465
674,학과 - 생명과학건강복지대학,생명과학과,교수/변채호,5463
675,학과 - 생명과학건강복지대학,생명과학과,교수/김용찬,5462
676,학과 - 생명과학건강복지대학,백신생명공학과,학과사무실,6997
677,학과 - 생명과학건강복지대학,백신생명공학과,교수/임재환,5797
678,학과 - 생명과학건강복지대학,백신생명공학과,교수/장요한,6922
679,학과 - 생명과학건강복지대학,백신생명공학과,교수/전세진,6188
680,학과 - 생명과학건강복지대학,백신생명공학과,교수/윤선우,7818
681,학과 - 생명과학건강복지대학,스마트원예과학과,학과사무실,5512
682,학과 - 생명과학건강복지대학,스마트원예과학과,교수/전익조,5511
683,학과 - 생명과학건강복지대학,스마트원예과학과,교수/염인화,5513
684,학과 - 생명과학건강복지대학,스마트원예과학과,교수/신종화,5514
685,학과 - 생명과학건강복지대학,스마트원예과학과,교수/인병천,6069
686,학과 - 생명과학건강복지대학,스마트원예과학과,교수/이승연,5472
687,학과 - 생명과학건강복지대학,스마트원예과학과,교수/황현승,5623
688,학과 - 생명과학건강복지대학,산림과학과,학과사무실,5660
689,학과 - 생명과학건강복지대학,산림과학과,교수/정규영,5751
690,학과 - 생명과학건강복지대학,산림과학과,교수/권기석,5909
691,학과 - 생명과학건강복지대학,산림과학과,교수/구진숙,5845
692,학과 - 생명과학건강복지대학,산림과학과,교수/정진부,7757
693,학과 - 생명과학건강복지대학,산림과학과,교수/이현석,6934
694,학과 - 생명과학건강복지대학,식물의학과,학과사무실,5505
695,학과 - 생명과학건강복지대학,식물의학과,교수/김용균,6236
696,학과 - 생명과학건강복지대학,식물의학과,교수/정철의,6191
697,학과 - 생명과학건강복지대학,식물의학과,교수/임언택,5510
698,학과 - 생명과학건강복지대학,식물의학과,교수/전용호,5507
699,학과 - 생명과학건강복지대학,식물의학과,교수/최형우,5509
700,학과 - 생명과학건강복지대학,식물의학과,교수/길의준,6224
701,학과 - 생명과학건강복지대학,식물의학과,교수/박영진,6775
702,학과 - 생명과학건강복지대학,식품생명공학과,학과사무실,5829
703,학과 - 생명과학건강복지대학,식품생명공학과,교수/이종화,5551
704,학과 - 생명과학건강복지대학,식품생명공학과,교수/이미경,6011
705,학과 - 생명과학건강복지대학,식품생명공학과,교수/김태완,6157
706,학과 - 생명과학건강복지대학,식품생명공학과,교수/이승환,5492
707,학과 - 생명과학건강복지대학,식품생명공학과,교수/김준호,5846
708,학과 - 생명과학건강복지대학,식품생명공학과,교수/성지혜,5752
709,학과 - 생명과학건강복지대학,간호학과,학과사무실,6715
710,학과 - 생명과학건강복지대학,간호학과,교수/차남현,7314
711,학과 - 생명과학건강복지대학,간호학과,교수/김윤경,6720
712,학과 - 생명과학건강복지대학,간호학과,교수/김윤영,6721
713,학과 - 생명과학건강복지대학,간호학과,교수/최나영,6742
714,학과 - 생명과학건강복지대학,간호학과,교수/방활란,5686
715,학과 - 생명과학건강복지대학,간호학과,교수/홍성정,6805
716,학과 - 생명과학건강복지대학,간호학과,교수/배현지,6804
717,학과 - 생명과학건강복지대학,간호학과,교수/박슭,7776
718,학과 - 생명과학건강복지대학,간호학과,교수/남수현,6772
719,학과 - 생명과학건강복지대학,간호학과,교수/서연희,6773
720,학과 - 생명과학건강복지대학,식품영양학과,학과사무실,5490
721,학과 - 생명과학건강복지대학,식품영양학과,교수/이혜상,5493
722,학과 - 생명과학건강복지대학,식품영양학과,교수/권인숙,5917
723,학과 - 생명과학건강복지대학,식품영양학과,교수/손호용,5491
724,학과 - 생명과학건강복지대학,식품영양학과,교수/정인창,5636
725,학과 - 생명과학건강복지대학,식품영양학과,교수/조영은,5484
726,학과 - 생명과학건강복지대학,식품영양학과,교수/강민경,5494
727,학과 - 생명과학건강복지대학,아동사회복지학과,학과사무실,5482
728,학과 - 생명과학건강복지대학,아동사회복지학과,교수/박응임,5758
729,학과 - 생명과학건강복지대학,아동사회복지학과,교수/박주희,5789
730,학과 - 생명과학건강복지대학,아동사회복지학과,교수/이재경,5486
731,False,False,False,False
732,False,False,False,False
733,False,False,False,False
734,False,False,False,False
735,False,False,False,False
736,False,False,False,False
737,False,False,False,False
738,False,False,False,False
739,False,False,False,False
740,False,False,False,False
741,False,False,False,False
742,False,False,False,False
743,False,False,False,False
